VM_ID,VM_Size_GB,Transport_Mode,Disk_Provisioning,Target_Storage,Network_Gbps,Concurrency_Level,Restore_Time_Min
1,900,SAN,Thick-Eager,SSD,10,4,272.76
2,1334,HotAdd,Thick-Lazy,SSD,10,5,604.79
3,1170,NBD,Thick-Lazy,SSD,10,5,1979.68
4,1135,HotAdd,Thin,NVMe,10,3,173.3
5,1678,HotAdd,Thick-Lazy,HDD,10,1,475.74
6,2209,NBD,Thick-Lazy,NVMe,1,4,1663.81
7,506,HotAdd,Thick-Lazy,SSD,10,1,47.76
8,1278,SAN,Thin,SSD,1,5,963.43
9,370,SAN,Thick-Eager,SSD,25,1,30.03
10,1522,HotAdd,Thick-Lazy,NVMe,1,4,916.8
11,2175,HotAdd,Thin,SSD,10,3,591.3
12,170,HotAdd,Thin,SSD,10,2,34.17
13,1725,HotAdd,Thick-Eager,SSD,25,1,158.22
14,809,HotAdd,Thick-Lazy,SSD,1,2,245.95
15,2431,HotAdd,Thick-Lazy,NVMe,1,5,1827.78
16,1555,HotAdd,Thick-Eager,SSD,1,3,703.53
17,2473,HotAdd,Thick-Eager,NVMe,1,3,1119.13
18,1255,NBD,Thin,HDD,10,1,1330.11
19,995,HotAdd,Thin,HDD,10,3,843.58
20,2364,SAN,Thick-Eager,HDD,10,1,558.46
21,1224,HotAdd,Thick-Lazy,SSD,1,1,188.56
22,499,HotAdd,Thin,SSD,10,2,91.95
23,61,HotAdd,Thin,HDD,10,3,55.96
24,2340,HotAdd,Thick-Lazy,HDD,10,1,663.79
25,787,HotAdd,Thin,NVMe,10,2,81.07
26,514,HotAdd,Thick-Lazy,NVMe,25,4,105.41
27,1122,SAN,Thick-Lazy,NVMe,1,2,341.9
28,2087,HotAdd,Thick-Lazy,NVMe,10,2,212.57
29,1015,SAN,Thick-Eager,SSD,10,1,78.26
30,1846,HotAdd,Thick-Eager,HDD,1,5,2601.94
31,229,SAN,Thick-Eager,SSD,25,5,89.33
32,602,NBD,Thick-Lazy,SSD,10,5,1021.22
33,1939,HotAdd,Thick-Lazy,SSD,1,2,586.62
34,1307,NBD,Thick-Eager,SSD,10,1,446.65
35,1568,NBD,Thin,HDD,10,3,4970.29
36,686,NBD,Thick-Lazy,SSD,10,2,467.24
37,2108,NBD,Thin,SSD,1,2,1428.27
38,2254,HotAdd,Thin,SSD,10,1,206.33
39,1337,HotAdd,Thick-Lazy,SSD,10,4,484.43
40,2475,SAN,Thick-Lazy,SSD,10,2,376.64
41,640,SAN,Thin,HDD,10,4,605.31
42,2403,HotAdd,Thin,HDD,1,4,2710.23
43,2101,HotAdd,Thick-Eager,NVMe,1,5,1581.52
44,281,HotAdd,Thick-Eager,SSD,10,1,28.0
45,2081,HotAdd,Thick-Lazy,HDD,10,4,2347.67
46,1403,NBD,Thick-Eager,NVMe,25,1,267.47
47,2179,HotAdd,Thick-Eager,SSD,10,5,985.32
48,1430,HotAdd,Thick-Eager,SSD,10,1,133.83
49,1518,NBD,Thick-Eager,HDD,10,2,3209.85
50,815,NBD,Thin,SSD,10,4,1104.73
51,74,HotAdd,Thick-Lazy,SSD,1,1,15.43
52,2293,NBD,Thick-Eager,SSD,10,3,2327.06
53,1995,NBD,Thin,NVMe,10,1,377.68
54,1625,NBD,Thin,SSD,25,4,2199.52
55,1061,SAN,Thin,SSD,10,5,401.67
56,1169,HotAdd,Thick-Eager,HDD,1,5,1650.3
57,1540,HotAdd,Thick-Eager,SSD,1,4,928.6
58,742,SAN,Thick-Lazy,HDD,1,2,352.63
59,2489,HotAdd,Thick-Eager,SSD,10,2,452.31
60,1619,HotAdd,Thick-Eager,NVMe,10,5,408.28
61,201,NBD,Thin,SSD,25,5,344.04
62,241,SAN,Thick-Lazy,SSD,1,4,147.49
63,2021,NBD,Thick-Eager,HDD,10,2,4271.03
64,1035,HotAdd,Thick-Eager,SSD,10,5,469.84
65,2357,HotAdd,Thin,SSD,10,2,427.57
66,855,NBD,Thin,SSD,10,5,1446.64
67,495,HotAdd,Thick-Eager,HDD,10,1,143.34
68,1315,HotAdd,Thick-Lazy,SSD,10,3,359.03
69,1056,NBD,Thick-Lazy,NVMe,1,1,201.58
70,2383,HotAdd,Thin,SSD,10,5,1078.59
71,377,SAN,Thin,NVMe,1,3,173.57
72,918,NBD,Thick-Eager,SSD,10,3,935.22
73,1116,HotAdd,Thin,SSD,10,5,505.24
74,831,HotAdd,Thick-Eager,SSD,10,5,378.12
75,2304,HotAdd,Thick-Lazy,SSD,25,2,419.84
76,803,NBD,Thick-Lazy,SSD,10,5,1360.5
77,2275,SAN,Thick-Eager,SSD,10,4,687.5
78,419,NBD,Thin,SSD,10,5,711.06
79,532,HotAdd,Thick-Lazy,SSD,10,4,194.04
80,1220,SAN,Thin,HDD,10,5,1434.84
81,2102,HotAdd,Thick-Lazy,NVMe,10,2,213.65
82,104,NBD,Thick-Eager,SSD,10,4,145.18
83,1407,HotAdd,Thick-Eager,SSD,25,1,129.52
84,1192,SAN,Thick-Eager,HDD,25,4,1123.79
85,2067,HotAdd,Thick-Lazy,NVMe,10,2,211.83
86,1535,HotAdd,Thin,NVMe,10,4,310.12
87,1202,HotAdd,Thin,SSD,1,5,905.67
88,1562,HotAdd,Thin,SSD,10,5,708.46
89,431,HotAdd,Thick-Lazy,SSD,1,2,134.36
90,1738,SAN,Thick-Lazy,HDD,10,3,1226.88
91,458,HotAdd,Thick-Lazy,HDD,10,5,647.83
92,2376,HotAdd,Thick-Lazy,SSD,10,1,217.68
93,418,SAN,Thick-Lazy,SSD,25,2,66.84
94,1836,NBD,Thin,SSD,10,4,2484.5
95,2318,HotAdd,Thick-Lazy,NVMe,10,4,468.39
96,2128,HotAdd,Thick-Lazy,SSD,10,1,193.91
97,2222,NBD,Thin,SSD,10,5,3756.44
98,240,HotAdd,Thick-Lazy,SSD,10,2,46.41
99,1903,NBD,Thin,NVMe,10,1,360.32
100,819,HotAdd,Thin,HDD,25,5,1156.1
101,542,SAN,Thick-Eager,NVMe,10,2,48.7
102,2494,HotAdd,Thick-Eager,NVMe,10,4,502.38
103,1791,HotAdd,Thick-Eager,HDD,10,2,1011.27
104,844,HotAdd,Thick-Eager,SSD,10,3,231.09
105,2186,SAN,Thick-Lazy,NVMe,10,2,187.32
106,1935,SAN,Thick-Eager,SSD,25,3,439.15
107,1610,SAN,Thin,NVMe,1,2,486.94
108,1000,SAN,Thick-Lazy,NVMe,10,3,128.89
109,1525,HotAdd,Thick-Eager,SSD,10,4,554.63
110,1068,SAN,Thin,SSD,10,5,403.72
111,542,HotAdd,Thick-Lazy,NVMe,10,3,85.45
112,437,HotAdd,Thick-Lazy,SSD,10,3,122.28
113,910,HotAdd,Thick-Eager,HDD,10,4,1028.85
114,432,NBD,Thick-Lazy,HDD,10,3,1370.84
115,246,HotAdd,Thin,SSD,1,1,40.98
116,1078,HotAdd,Thick-Lazy,NVMe,10,4,218.06
117,1921,HotAdd,Thin,NVMe,10,1,99.96
118,1524,HotAdd,Thick-Lazy,SSD,10,4,553.54
119,903,NBD,Thick-Eager,HDD,10,3,2863.34
120,603,SAN,Thin,SSD,1,1,95.09
121,1060,SAN,Thick-Lazy,NVMe,10,3,134.76
122,135,HotAdd,Thick-Lazy,HDD,10,4,156.6
123,1963,SAN,Thick-Lazy,SSD,25,3,445.61
124,1797,NBD,Thin,HDD,25,1,1900.28
125,2318,HotAdd,Thin,SSD,10,1,211.28
126,1718,NBD,Thin,NVMe,25,3,972.44
127,580,HotAdd,Thick-Eager,SSD,10,2,106.75
128,1099,HotAdd,Thick-Eager,SSD,10,4,398.73
129,1223,NBD,Thin,SSD,1,4,1656.15
130,1762,HotAdd,Thick-Lazy,NVMe,10,3,268.49
131,1859,NBD,Thick-Eager,HDD,10,2,3929.84
132,1637,SAN,Thin,SSD,10,1,125.3
133,835,HotAdd,Thick-Lazy,SSD,10,5,379.09
134,1091,SAN,Thick-Eager,NVMe,10,5,230.29
135,1683,HotAdd,Thick-Lazy,SSD,10,3,457.62
136,1403,SAN,Thick-Lazy,HDD,25,2,661.71
137,2021,NBD,Thick-Lazy,SSD,10,2,1369.98
138,1394,NBD,Thick-Lazy,SSD,10,4,1886.89
139,1703,NBD,Thick-Eager,HDD,10,1,1801.47
140,1569,SAN,Thick-Eager,NVMe,10,2,134.09
141,2078,HotAdd,Thick-Eager,HDD,10,5,2930.75
142,1536,HotAdd,Thin,SSD,1,1,235.55
143,2277,HotAdd,Thick-Eager,SSD,10,1,209.59
144,1448,HotAdd,Thick-Lazy,SSD,10,3,394.17
145,1440,HotAdd,Thick-Eager,SSD,10,2,261.73
146,1346,HotAdd,Thick-Lazy,NVMe,10,3,205.1
147,1012,HotAdd,Thin,SSD,10,2,185.19
148,1808,HotAdd,Thick-Lazy,SSD,1,4,1089.67
149,1322,SAN,Thick-Lazy,SSD,10,3,302.15
150,749,SAN,Thick-Lazy,SSD,10,3,173.31
151,1519,SAN,Thin,HDD,10,5,1786.83
152,1474,NBD,Thick-Eager,SSD,25,3,1497.36
153,688,SAN,Thick-Eager,NVMe,25,2,61.47
154,357,SAN,Thin,HDD,10,5,421.82
155,1297,HotAdd,Thick-Lazy,SSD,10,3,352.81
156,723,NBD,Thick-Eager,NVMe,10,3,411.3
157,703,NBD,Thin,HDD,10,4,2971.5
158,2038,HotAdd,Thick-Eager,SSD,10,3,554.17
159,1671,HotAdd,Thin,SSD,10,1,153.57
160,1535,HotAdd,Thick-Lazy,SSD,25,5,695.69
161,1176,SAN,Thick-Eager,HDD,1,1,280.27
162,1893,NBD,Thin,HDD,25,5,9997.95
163,1560,HotAdd,Thick-Eager,SSD,10,4,566.73
164,603,HotAdd,Thick-Eager,NVMe,10,3,93.44
165,1331,HotAdd,Thick-Eager,SSD,1,3,603.03
166,1676,HotAdd,Thick-Eager,SSD,1,3,759.32
167,738,HotAdd,Thin,HDD,10,5,1043.18
168,2200,NBD,Thick-Lazy,SSD,10,3,2235.23
169,41,NBD,Thin,SSD,10,1,16.53
170,681,HotAdd,Thin,NVMe,10,3,106.26
171,2307,HotAdd,Thin,NVMe,10,4,465.8
172,1629,SAN,Thick-Lazy,SSD,10,1,127.07
173,894,HotAdd,Thick-Eager,NVMe,25,3,136.74
174,1799,SAN,Thick-Eager,HDD,10,3,1270.75
175,2472,HotAdd,Thick-Eager,SSD,10,2,449.22
176,1701,NBD,Thick-Lazy,SSD,10,5,2876.83
177,1193,HotAdd,Thick-Eager,NVMe,10,1,63.15
178,1116,HotAdd,Thick-Lazy,SSD,1,2,338.22
179,1747,HotAdd,Thick-Eager,SSD,10,4,633.44
180,1735,SAN,Thick-Eager,NVMe,10,5,366.58
181,1773,HotAdd,Thin,HDD,10,1,502.98
182,1479,SAN,Thick-Lazy,SSD,10,3,337.08
183,2334,SAN,Thin,SSD,10,1,178.82
184,875,HotAdd,Thin,SSD,1,3,396.39
185,242,HotAdd,Thin,SSD,10,5,111.73
186,162,HotAdd,Thick-Lazy,SSD,10,3,47.27
187,440,SAN,Thick-Lazy,HDD,10,4,415.94
188,806,HotAdd,Thick-Eager,NVMe,1,3,365.7
189,333,HotAdd,Thin,SSD,10,4,123.54
190,2367,HotAdd,Thick-Eager,HDD,10,5,3335.7
191,237,HotAdd,Thin,SSD,10,5,109.56
192,1970,HotAdd,Thick-Lazy,SSD,10,1,180.91
193,2231,HotAdd,Thick-Lazy,HDD,10,4,2515.4
194,648,HotAdd,Thick-Lazy,SSD,25,4,238.35
195,1187,NBD,Thin,SSD,10,2,806.83
196,226,HotAdd,Thick-Lazy,SSD,10,2,44.85
197,1834,HotAdd,Thin,SSD,10,2,332.85
198,699,HotAdd,Thick-Eager,SSD,10,3,193.29
199,1995,HotAdd,Thin,SSD,10,2,363.97
200,2490,NBD,Thick-Eager,SSD,10,4,3369.99
201,1409,HotAdd,Thin,SSD,10,3,383.25
202,2026,HotAdd,Thick-Eager,SSD,10,5,916.77
203,1574,HotAdd,Thick-Lazy,SSD,1,1,240.9
204,186,HotAdd,Thick-Eager,NVMe,10,2,22.36
205,1774,HotAdd,Thick-Lazy,SSD,10,5,803.23
206,1883,NBD,Thick-Lazy,SSD,1,4,2548.59
207,528,HotAdd,Thick-Eager,NVMe,25,1,30.02
208,1999,HotAdd,Thin,SSD,10,5,902.77
209,1703,NBD,Thin,SSD,25,1,579.39
210,2425,SAN,Thin,SSD,25,2,366.45
211,680,SAN,Thin,HDD,10,4,641.6
212,1842,HotAdd,Thin,NVMe,1,1,279.52
213,2009,NBD,Thick-Lazy,SSD,1,5,3398.04
214,2238,SAN,Thin,NVMe,10,2,189.13
215,1478,SAN,Thick-Lazy,SSD,10,2,226.05
216,1674,SAN,Thick-Lazy,SSD,10,5,632.92
217,302,SAN,Thick-Lazy,HDD,10,5,356.84
218,1827,SAN,Thick-Eager,SSD,10,1,139.51
219,2231,HotAdd,Thick-Eager,SSD,25,3,605.56
220,2433,HotAdd,Thick-Lazy,NVMe,1,2,735.44
221,663,SAN,Thick-Eager,SSD,1,1,103.16
222,1056,HotAdd,Thin,SSD,1,5,796.39
223,920,SAN,Thin,SSD,25,1,71.41
224,2089,HotAdd,Thick-Lazy,SSD,10,5,945.17
225,1367,HotAdd,Thin,SSD,10,4,497.34
226,2341,HotAdd,Thick-Lazy,SSD,1,5,1762.42
227,492,SAN,Thick-Lazy,SSD,10,5,188.61
228,1223,HotAdd,Thin,SSD,1,5,920.62
229,2096,SAN,Thick-Eager,SSD,25,3,474.52
230,1722,NBD,Thin,NVMe,10,5,1618.53
231,2295,HotAdd,Thin,NVMe,10,2,232.56
232,1194,HotAdd,Thick-Lazy,SSD,10,2,217.59
233,443,SAN,Thick-Lazy,SSD,10,1,36.05
234,2239,NBD,Thick-Lazy,NVMe,10,3,1264.16
235,2141,SAN,Thick-Lazy,SSD,10,1,165.6
236,1736,SAN,Thick-Eager,NVMe,10,2,148.68
237,667,HotAdd,Thick-Eager,HDD,10,2,380.16
238,626,SAN,Thick-Eager,SSD,10,4,192.16
239,1688,NBD,Thick-Lazy,NVMe,10,5,1586.81
240,1483,HotAdd,Thick-Lazy,NVMe,1,2,449.66
241,1485,SAN,Thick-Lazy,SSD,10,1,114.34
242,143,HotAdd,Thick-Eager,SSD,10,1,16.8
243,293,NBD,Thick-Lazy,SSD,25,5,498.08
244,1536,NBD,Thin,HDD,10,5,8115.07
245,138,HotAdd,Thin,SSD,10,4,52.53
246,2240,NBD,Thick-Lazy,SSD,10,3,2273.66
247,1924,NBD,Thin,NVMe,1,1,365.99
248,1959,HotAdd,Thin,SSD,10,5,884.72
249,917,SAN,Thick-Eager,SSD,1,1,141.81
250,377,HotAdd,Thick-Lazy,HDD,10,5,534.99
251,996,NBD,Thick-Lazy,SSD,25,2,677.65
252,1744,SAN,Thick-Eager,SSD,1,1,266.85
253,200,NBD,Thin,SSD,10,2,140.09
254,1643,SAN,Thin,SSD,10,1,125.57
255,437,SAN,Thick-Lazy,NVMe,10,3,59.16
256,1340,HotAdd,Thin,NVMe,10,4,272.27
257,855,SAN,Thick-Eager,SSD,10,2,132.35
258,1567,NBD,Thick-Eager,NVMe,1,5,1473.28
259,1959,NBD,Thick-Lazy,SSD,10,3,1989.91
260,1455,NBD,Thick-Eager,SSD,1,1,496.62
261,1198,HotAdd,Thick-Eager,HDD,10,2,679.45
262,1258,SAN,Thick-Lazy,SSD,1,1,192.25
263,440,HotAdd,Thick-Eager,SSD,10,1,41.77
264,679,HotAdd,Thick-Eager,NVMe,10,1,37.08
265,499,HotAdd,Thick-Eager,SSD,10,4,184.34
266,994,SAN,Thin,NVMe,10,4,169.98
267,509,HotAdd,Thick-Lazy,SSD,10,5,232.71
268,1085,HotAdd,Thick-Lazy,HDD,25,2,613.24
269,1733,NBD,Thick-Lazy,NVMe,1,3,979.31
270,2125,NBD,Thin,SSD,10,3,2157.65
271,2317,HotAdd,Thin,SSD,10,3,631.15
272,602,HotAdd,Thick-Lazy,SSD,1,1,94.34
273,1839,HotAdd,Thin,HDD,1,4,2074.38
274,2114,SAN,Thick-Lazy,SSD,10,2,321.07
275,265,NBD,Thin,SSD,1,1,91.75
276,837,NBD,Thick-Eager,SSD,10,4,1136.27
277,2371,HotAdd,Thick-Eager,NVMe,10,4,477.87
278,999,HotAdd,Thick-Lazy,SSD,10,2,183.48
279,1544,SAN,Thin,SSD,10,2,234.95
280,492,HotAdd,Thin,SSD,10,2,92.72
281,855,SAN,Thick-Eager,NVMe,10,1,39.66
282,698,NBD,Thick-Eager,HDD,10,5,3689.59
283,586,SAN,Thin,SSD,10,2,90.81
284,1255,HotAdd,Thin,HDD,10,5,1769.99
285,56,NBD,Thin,HDD,10,1,61.51
286,1283,HotAdd,Thin,NVMe,10,5,325.12
287,2245,SAN,Thin,SSD,10,3,507.87
288,1109,SAN,Thin,SSD,10,5,420.19
289,2186,SAN,Thick-Lazy,SSD,10,2,332.92
290,1808,HotAdd,Thin,SSD,10,1,167.59
291,1100,SAN,Thick-Eager,NVMe,1,2,333.76
292,2367,HotAdd,Thick-Lazy,NVMe,10,3,358.87
293,341,NBD,Thin,SSD,10,2,232.69
294,220,SAN,Thick-Eager,NVMe,1,2,70.09
295,646,NBD,Thick-Lazy,SSD,1,2,441.06
296,739,NBD,Thick-Eager,SSD,1,4,1001.63
297,1032,SAN,Thin,SSD,10,3,235.75
298,1179,NBD,Thin,SSD,10,2,801.33
299,230,HotAdd,Thin,SSD,25,2,46.08
300,2340,NBD,Thin,NVMe,10,2,881.32
301,1020,HotAdd,Thick-Lazy,SSD,1,1,156.84
302,2046,HotAdd,Thick-Lazy,NVMe,10,4,412.29
303,1224,HotAdd,Thick-Eager,SSD,10,1,112.6
304,167,NBD,Thin,NVMe,10,4,130.14
305,2105,HotAdd,Thick-Eager,SSD,1,2,636.75
306,1856,HotAdd,Thick-Lazy,SSD,10,3,506.02
307,1798,NBD,Thin,SSD,10,5,3040.05
308,609,SAN,Thin,NVMe,1,5,461.85
309,1386,SAN,Thick-Lazy,HDD,1,2,653.81
310,1935,SAN,Thick-Lazy,NVMe,10,1,83.75
311,665,HotAdd,Thick-Lazy,HDD,1,3,565.43
312,1726,SAN,Thick-Lazy,SSD,10,4,520.72
313,194,NBD,Thick-Lazy,NVMe,10,2,77.11
314,1449,SAN,Thin,SSD,25,3,330.18
315,824,HotAdd,Thick-Lazy,SSD,10,3,225.32
316,285,SAN,Thin,SSD,1,4,173.78
317,1540,NBD,Thin,NVMe,1,3,869.88
318,1745,NBD,Thick-Lazy,HDD,10,1,1844.89
319,577,HotAdd,Thick-Lazy,NVMe,10,1,32.65
320,1930,NBD,Thin,HDD,10,1,2042.6
321,1881,SAN,Thick-Lazy,NVMe,10,3,237.47
322,960,NBD,Thick-Lazy,NVMe,10,1,182.37
323,2495,SAN,Thick-Lazy,SSD,1,4,1502.58
324,564,NBD,Thick-Eager,SSD,10,3,576.22
325,1569,SAN,Thin,SSD,1,5,1181.19
326,75,HotAdd,Thick-Eager,SSD,10,3,23.32
327,724,HotAdd,Thick-Lazy,HDD,10,4,819.3
328,59,SAN,Thick-Eager,HDD,25,5,72.05
329,2408,SAN,Thick-Lazy,HDD,10,3,1697.31
330,439,SAN,Thick-Eager,SSD,10,1,37.17
331,1011,HotAdd,Thick-Lazy,SSD,10,2,186.08
332,1946,HotAdd,Thick-Eager,SSD,10,2,354.46
333,1206,SAN,Thick-Eager,NVMe,10,1,54.54
334,1155,HotAdd,Thick-Eager,SSD,25,2,212.18
335,873,SAN,Thin,SSD,10,2,133.73
336,1863,NBD,Thick-Eager,SSD,10,1,632.6
337,2022,SAN,Thin,NVMe,10,1,86.73
338,893,SAN,Thick-Lazy,NVMe,10,3,114.15
339,90,SAN,Thick-Eager,NVMe,10,3,15.29
340,614,HotAdd,Thick-Lazy,NVMe,1,1,96.79
341,1188,NBD,Thick-Lazy,HDD,10,4,5023.0
342,2237,HotAdd,Thick-Eager,NVMe,10,2,227.86
343,2401,SAN,Thin,SSD,10,3,543.45
344,2392,HotAdd,Thick-Eager,SSD,10,2,433.41
345,1755,HotAdd,Thick-Lazy,NVMe,25,5,443.73
346,721,SAN,Thick-Lazy,HDD,1,1,172.93
347,877,HotAdd,Thick-Eager,SSD,10,4,319.97
348,1117,NBD,Thin,SSD,10,5,1891.63
349,2351,SAN,Thin,SSD,10,5,886.83
350,1635,HotAdd,Thick-Lazy,SSD,25,5,741.17
351,44,HotAdd,Thick-Lazy,SSD,10,1,6.13
352,1166,HotAdd,Thin,SSD,10,3,319.45
353,1259,SAN,Thick-Eager,SSD,10,1,99.1
354,813,SAN,Thick-Lazy,NVMe,10,3,104.61
355,916,NBD,Thin,HDD,10,5,4840.4
356,1031,NBD,Thick-Lazy,SSD,10,5,1744.92
357,86,HotAdd,Thick-Eager,NVMe,10,4,22.1
358,308,HotAdd,Thin,NVMe,10,3,48.36
359,409,HotAdd,Thick-Lazy,SSD,1,5,310.87
360,675,HotAdd,Thick-Eager,SSD,25,2,124.15
361,1169,HotAdd,Thick-Lazy,NVMe,1,4,706.41
362,1733,SAN,Thick-Eager,NVMe,10,1,74.83
363,1722,NBD,Thick-Eager,SSD,10,4,2330.3
364,696,HotAdd,Thin,SSD,10,2,128.92
365,159,NBD,Thick-Eager,SSD,1,3,165.93
366,870,SAN,Thick-Lazy,SSD,10,1,67.97
367,1850,SAN,Thick-Eager,SSD,25,1,141.36
368,1121,SAN,Thick-Eager,HDD,10,3,793.46
369,2014,HotAdd,Thin,SSD,10,4,729.44
370,1409,NBD,Thick-Eager,SSD,10,5,2385.38
371,780,SAN,Thick-Eager,SSD,1,4,471.02
372,156,NBD,Thick-Lazy,NVMe,10,2,62.51
373,1893,HotAdd,Thin,SSD,10,5,855.61
374,1190,NBD,Thin,HDD,10,4,5029.03
375,1971,SAN,Thin,NVMe,10,3,250.73
376,1052,NBD,Thick-Eager,HDD,1,2,2225.61
377,1704,HotAdd,Thin,SSD,10,2,311.37
378,1121,SAN,Thick-Eager,SSD,1,2,339.65
379,673,SAN,Thick-Eager,SSD,10,5,256.03
380,552,NBD,Thick-Lazy,NVMe,10,1,106.85
381,1159,NBD,Thick-Lazy,SSD,10,5,1963.2
382,1181,SAN,Thick-Lazy,SSD,10,4,357.62
383,599,HotAdd,Thick-Lazy,HDD,10,1,171.56
384,527,NBD,Thick-Lazy,SSD,1,4,715.4
385,936,NBD,Thick-Eager,NVMe,25,1,179.41
386,1252,NBD,Thick-Eager,SSD,10,5,2118.14
387,743,HotAdd,Thin,SSD,1,2,227.92
388,1510,HotAdd,Thick-Eager,SSD,10,3,411.0
389,620,HotAdd,Thick-Eager,SSD,10,2,116.43
390,2334,HotAdd,Thick-Lazy,HDD,10,5,3288.58
391,193,HotAdd,Thick-Eager,SSD,10,1,21.36
392,1719,HotAdd,Thick-Lazy,SSD,10,2,314.53
393,1036,SAN,Thin,SSD,10,5,391.49
394,1283,NBD,Thin,SSD,25,4,1739.11
395,1132,HotAdd,Thick-Eager,HDD,10,3,959.67
396,1048,HotAdd,Thin,SSD,10,2,193.71
397,2181,HotAdd,Thick-Eager,NVMe,10,1,113.22
398,1813,HotAdd,Thin,HDD,10,4,2045.07
399,997,SAN,Thick-Lazy,HDD,10,5,1172.38
400,492,SAN,Thick-Lazy,SSD,10,3,113.75
401,1267,SAN,Thick-Lazy,SSD,10,1,97.42
402,2305,SAN,Thick-Lazy,SSD,10,5,867.88
403,2428,HotAdd,Thick-Eager,SSD,10,5,1096.27
404,590,HotAdd,Thin,SSD,10,2,109.6
405,1675,SAN,Thick-Eager,SSD,10,2,255.95
406,1352,HotAdd,Thick-Lazy,NVMe,10,1,70.11
407,1797,SAN,Thick-Eager,NVMe,1,5,1351.82
408,396,NBD,Thin,SSD,10,2,271.56
409,2110,NBD,Thick-Eager,SSD,10,3,2141.63
410,1825,SAN,Thin,HDD,10,3,1287.09
411,1821,HotAdd,Thick-Eager,SSD,10,5,822.97
412,1671,SAN,Thin,NVMe,25,2,144.19
413,1055,HotAdd,Thin,SSD,1,1,162.91
414,1388,HotAdd,Thick-Lazy,SSD,10,1,128.14
415,555,SAN,Thin,SSD,10,1,45.64
416,375,HotAdd,Thick-Lazy,SSD,10,3,104.99
417,1822,SAN,Thick-Lazy,HDD,1,2,859.16
418,2345,SAN,Thick-Lazy,SSD,1,2,708.42
419,536,HotAdd,Thick-Eager,SSD,10,3,148.79
420,935,HotAdd,Thick-Eager,SSD,10,1,87.05
421,2247,HotAdd,Thick-Eager,HDD,10,1,634.87
422,891,HotAdd,Thick-Eager,SSD,25,5,404.82
423,1727,NBD,Thin,SSD,10,4,2339.02
424,1971,SAN,Thin,SSD,1,2,595.74
425,2467,HotAdd,Thick-Eager,SSD,10,2,449.11
426,1608,HotAdd,Thin,SSD,10,2,294.78
427,996,HotAdd,Thin,SSD,10,4,361.5
428,1676,NBD,Thick-Lazy,NVMe,10,5,1577.28
429,1331,HotAdd,Thick-Lazy,SSD,10,4,483.78
430,1480,HotAdd,Thick-Lazy,HDD,10,1,421.71
431,1231,HotAdd,Thick-Lazy,SSD,10,1,115.88
432,1106,NBD,Thin,SSD,1,2,751.54
433,324,NBD,Thick-Eager,SSD,1,3,331.19
434,2484,HotAdd,Thin,HDD,10,2,1403.38
435,51,HotAdd,Thin,NVMe,1,3,25.3
436,1670,SAN,Thin,SSD,10,4,505.97
437,793,SAN,Thick-Lazy,HDD,10,1,190.82
438,2122,HotAdd,Thick-Lazy,HDD,25,3,1795.81
439,129,SAN,Thick-Lazy,HDD,10,4,124.98
440,815,HotAdd,Thick-Eager,NVMe,10,1,44.09
441,1665,SAN,Thin,HDD,10,3,1175.47
442,457,HotAdd,Thick-Eager,HDD,10,2,260.31
443,154,HotAdd,Thick-Lazy,NVMe,1,2,50.54
444,656,NBD,Thick-Eager,SSD,25,2,448.16
445,865,SAN,Thin,HDD,10,4,816.77
446,1689,HotAdd,Thin,HDD,10,2,953.77
447,1556,NBD,Thick-Lazy,HDD,1,5,8220.3
448,452,SAN,Thick-Lazy,SSD,10,1,38.15
449,768,NBD,Thick-Eager,SSD,10,4,1040.85
450,715,HotAdd,Thick-Lazy,HDD,25,2,404.89
451,1932,HotAdd,Thick-Lazy,HDD,10,1,546.86
452,2279,NBD,Thin,SSD,10,3,2315.1
453,1162,SAN,Thick-Lazy,SSD,10,2,178.42
454,1611,HotAdd,Thick-Lazy,SSD,10,1,149.33
455,1017,NBD,Thin,SSD,10,5,1721.09
456,1048,SAN,Thin,SSD,10,3,240.25
457,2183,HotAdd,Thick-Eager,SSD,1,5,1641.37
458,1727,NBD,Thick-Lazy,SSD,1,1,586.71
459,76,SAN,Thin,SSD,10,5,32.42
460,1588,NBD,Thick-Eager,NVMe,10,1,300.56
461,2366,HotAdd,Thick-Eager,HDD,10,1,670.73
462,2304,HotAdd,Thick-Lazy,SSD,1,5,1732.86
463,912,HotAdd,Thick-Lazy,HDD,10,1,260.78
464,1861,SAN,Thick-Eager,SSD,1,2,562.21
465,1336,NBD,Thin,SSD,1,1,455.25
466,2149,NBD,Thick-Eager,NVMe,10,4,1616.08
467,635,HotAdd,Thick-Lazy,HDD,1,1,180.87
468,1943,HotAdd,Thin,SSD,10,4,705.08
469,768,HotAdd,Thin,SSD,10,1,72.01
470,1405,HotAdd,Thick-Eager,SSD,10,1,131.07
471,436,HotAdd,Thick-Lazy,SSD,1,5,332.4
472,738,HotAdd,Thick-Eager,SSD,1,2,224.31
473,2264,HotAdd,Thick-Eager,SSD,1,2,682.84
474,1675,HotAdd,Thick-Eager,SSD,1,3,758.68
475,435,HotAdd,Thin,SSD,10,5,200.89
476,115,SAN,Thin,HDD,10,5,139.68
477,304,SAN,Thick-Lazy,NVMe,10,2,28.87
478,1859,HotAdd,Thick-Lazy,SSD,10,5,841.98
479,757,HotAdd,Thick-Eager,NVMe,10,2,78.2
480,890,HotAdd,Thick-Eager,SSD,10,5,405.93
481,1430,HotAdd,Thick-Eager,NVMe,10,1,76.48
482,183,HotAdd,Thick-Lazy,NVMe,10,2,20.81
483,924,HotAdd,Thin,SSD,10,2,169.43
484,435,HotAdd,Thin,SSD,10,4,159.1
485,1532,HotAdd,Thick-Eager,SSD,10,5,693.07
486,1207,HotAdd,Thick-Eager,NVMe,10,5,306.57
487,1102,NBD,Thick-Eager,SSD,10,2,747.91
488,2196,HotAdd,Thick-Eager,HDD,10,1,620.66
489,1105,SAN,Thick-Lazy,SSD,25,1,86.0
490,1249,SAN,Thin,NVMe,10,1,57.05
491,2485,SAN,Thick-Eager,NVMe,10,5,522.24
492,673,HotAdd,Thick-Lazy,NVMe,10,4,138.02
493,1196,HotAdd,Thick-Eager,SSD,10,2,218.05
494,1278,HotAdd,Thick-Eager,SSD,1,3,580.77
495,772,HotAdd,Thin,HDD,1,4,874.04
496,274,SAN,Thick-Eager,HDD,10,3,195.74
497,790,HotAdd,Thin,HDD,10,4,892.07
498,993,SAN,Thin,SSD,10,1,76.74
499,1582,HotAdd,Thin,HDD,10,5,2229.82
500,1237,SAN,Thick-Lazy,SSD,10,3,282.41
501,1716,NBD,Thick-Lazy,NVMe,25,4,1293.39
502,1231,SAN,Thin,SSD,10,5,465.69
503,2257,NBD,Thick-Eager,NVMe,10,3,1275.67
504,1456,HotAdd,Thin,SSD,10,2,265.74
505,1257,NBD,Thick-Eager,SSD,1,4,1703.19
506,1580,HotAdd,Thin,SSD,1,2,478.79
507,2116,HotAdd,Thick-Eager,HDD,10,1,598.39
508,1485,HotAdd,Thick-Lazy,SSD,10,2,270.72
509,2426,HotAdd,Thick-Eager,SSD,10,2,441.14
510,1559,HotAdd,Thin,HDD,1,4,1758.27
511,1428,HotAdd,Thick-Lazy,SSD,10,1,131.76
512,1896,HotAdd,Thick-Eager,SSD,1,2,573.11
513,1405,SAN,Thick-Eager,NVMe,1,5,1060.05
514,539,HotAdd,Thick-Eager,SSD,10,3,149.13
515,1720,HotAdd,Thick-Eager,SSD,10,2,314.43
516,550,HotAdd,Thick-Eager,HDD,1,1,158.18
517,256,HotAdd,Thick-Lazy,SSD,1,2,81.28
518,1364,HotAdd,Thick-Lazy,SSD,25,3,372.52
519,1195,NBD,Thick-Lazy,SSD,1,1,408.47
520,1867,SAN,Thick-Lazy,NVMe,10,4,314.79
521,1850,HotAdd,Thin,SSD,10,1,170.52
522,1245,HotAdd,Thick-Lazy,NVMe,1,4,751.82
523,2254,HotAdd,Thick-Eager,NVMe,1,1,341.77
524,130,NBD,Thick-Eager,HDD,10,3,414.27
525,753,SAN,Thick-Lazy,SSD,10,3,171.92
526,1921,HotAdd,Thick-Eager,NVMe,10,1,98.22
527,78,HotAdd,Thick-Lazy,HDD,10,2,48.55
528,212,HotAdd,Thick-Eager,SSD,25,3,60.02
529,692,HotAdd,Thin,NVMe,10,4,141.21
530,793,HotAdd,Thin,SSD,10,4,290.04
531,1283,HotAdd,Thick-Lazy,HDD,10,5,1809.42
532,1121,HotAdd,Thick-Lazy,SSD,10,4,407.58
533,1723,SAN,Thick-Lazy,SSD,10,5,649.42
534,495,HotAdd,Thick-Eager,SSD,10,1,49.48
535,868,SAN,Thick-Lazy,HDD,10,1,208.25
536,934,HotAdd,Thin,SSD,1,1,144.87
537,1424,HotAdd,Thick-Eager,SSD,10,2,259.86
538,1998,HotAdd,Thick-Lazy,SSD,10,2,364.37
539,2474,HotAdd,Thick-Eager,SSD,1,5,1860.24
540,2036,SAN,Thick-Eager,SSD,1,4,1225.15
541,2435,HotAdd,Thick-Lazy,SSD,10,4,879.75
542,229,HotAdd,Thick-Eager,HDD,10,1,68.25
543,544,HotAdd,Thin,SSD,10,3,150.43
544,1254,NBD,Thin,HDD,10,2,2652.0
545,1571,SAN,Thick-Eager,NVMe,10,2,133.1
546,863,HotAdd,Thick-Lazy,HDD,1,1,246.29
547,968,HotAdd,Thick-Eager,SSD,10,2,178.61
548,973,HotAdd,Thin,SSD,10,1,91.01
549,1180,SAN,Thick-Eager,SSD,10,5,447.25
550,173,SAN,Thick-Eager,HDD,10,4,165.09
551,2145,NBD,Thin,SSD,10,3,2178.95
552,724,HotAdd,Thick-Eager,SSD,1,4,438.71
553,2260,HotAdd,Thick-Eager,SSD,10,4,817.24
554,1892,HotAdd,Thick-Lazy,SSD,1,5,1423.48
555,854,HotAdd,Thick-Lazy,SSD,25,2,157.8
556,1212,SAN,Thin,SSD,1,3,550.57
557,119,HotAdd,Thin,SSD,1,2,38.99
558,242,HotAdd,Thin,SSD,10,4,90.0
559,1292,NBD,Thick-Lazy,SSD,25,1,441.19
560,1739,SAN,Thin,SSD,10,4,526.36
561,1290,HotAdd,Thin,HDD,1,2,729.87
562,1722,HotAdd,Thin,HDD,1,4,1943.12
563,1595,HotAdd,Thick-Lazy,HDD,10,1,451.76
564,2134,HotAdd,Thick-Eager,SSD,1,5,1606.37
565,1296,HotAdd,Thin,SSD,1,2,392.36
566,1589,HotAdd,Thick-Eager,SSD,10,4,577.74
567,1206,HotAdd,Thin,NVMe,25,2,124.19
568,1436,HotAdd,Thick-Eager,HDD,10,5,2025.35
569,510,NBD,Thick-Lazy,SSD,10,4,693.05
570,1075,HotAdd,Thick-Lazy,SSD,10,4,392.23
571,1393,HotAdd,Thin,SSD,10,2,255.45
572,1007,SAN,Thick-Eager,HDD,10,2,475.97
573,397,NBD,Thick-Lazy,SSD,10,1,138.31
574,707,SAN,Thin,SSD,1,5,534.67
575,412,SAN,Thin,NVMe,10,1,20.67
576,1071,SAN,Thick-Lazy,SSD,1,4,645.98
577,1185,HotAdd,Thick-Lazy,NVMe,25,2,122.04
578,1411,SAN,Thin,SSD,1,4,850.39
579,129,SAN,Thick-Eager,SSD,10,4,43.49
580,579,SAN,Thick-Eager,SSD,10,3,133.44
581,908,SAN,Thick-Eager,SSD,1,3,413.97
582,80,HotAdd,Thin,SSD,1,4,51.66
583,779,HotAdd,Thick-Lazy,SSD,10,2,144.29
584,1986,HotAdd,Thin,SSD,10,4,719.48
585,1264,HotAdd,Thick-Lazy,SSD,10,3,344.09
586,968,HotAdd,Thick-Eager,SSD,10,2,177.58
587,2076,SAN,Thick-Eager,NVMe,10,4,348.73
588,964,HotAdd,Thick-Lazy,HDD,10,5,1361.18
589,1621,NBD,Thick-Lazy,NVMe,10,5,1524.92
590,429,HotAdd,Thin,NVMe,10,4,90.24
591,1657,SAN,Thick-Eager,NVMe,10,2,140.92
592,295,HotAdd,Thin,SSD,10,4,108.83
593,748,HotAdd,Thin,SSD,10,4,272.83
594,1878,HotAdd,Thin,NVMe,10,3,286.83
595,1984,SAN,Thick-Eager,SSD,10,5,749.06
596,49,SAN,Thin,SSD,1,3,25.33
597,837,SAN,Thin,SSD,1,3,380.67
598,916,NBD,Thin,SSD,10,4,1240.39
599,1068,HotAdd,Thin,SSD,10,3,293.67
600,1055,SAN,Thin,SSD,10,5,400.12
601,1864,SAN,Thin,NVMe,1,3,842.7
602,413,HotAdd,Thick-Eager,HDD,10,5,585.26
603,2233,SAN,Thin,NVMe,10,3,281.8
604,263,SAN,Thick-Lazy,HDD,1,5,313.48
605,1302,NBD,Thin,SSD,10,3,1322.44
606,2264,SAN,Thin,HDD,25,3,1597.8
607,1842,HotAdd,Thick-Eager,HDD,10,2,1040.15
608,892,NBD,Thick-Eager,NVMe,10,5,841.44
609,102,HotAdd,Thick-Lazy,SSD,25,5,50.29
610,1280,SAN,Thick-Lazy,SSD,10,5,484.62
611,728,SAN,Thick-Eager,SSD,10,1,58.51
612,1524,NBD,Thick-Eager,SSD,10,3,1549.65
613,1673,NBD,Thin,SSD,10,5,2828.94
614,2192,HotAdd,Thick-Eager,SSD,10,1,200.52
615,550,SAN,Thick-Lazy,SSD,10,2,85.35
616,424,HotAdd,Thin,NVMe,10,5,111.1
617,444,NBD,Thick-Lazy,SSD,1,5,753.35
618,557,HotAdd,Thin,SSD,25,1,54.39
619,515,NBD,Thick-Eager,SSD,10,3,526.14
620,2040,NBD,Thick-Lazy,SSD,1,2,1381.35
621,1708,HotAdd,Thin,SSD,10,5,772.27
622,1933,HotAdd,Thin,SSD,1,3,873.78
623,1500,HotAdd,Thick-Eager,SSD,10,2,273.57
624,753,SAN,Thick-Eager,NVMe,25,4,128.36
625,122,HotAdd,Thick-Eager,SSD,10,4,46.03
626,1208,HotAdd,Thick-Lazy,SSD,1,2,367.49
627,1941,NBD,Thin,SSD,1,1,660.8
628,2088,NBD,Thick-Eager,SSD,10,2,1414.18
629,90,HotAdd,Thick-Lazy,SSD,25,2,19.24
630,724,SAN,Thick-Lazy,SSD,10,1,56.39
631,756,SAN,Thick-Lazy,NVMe,10,1,35.58
632,1509,SAN,Thick-Eager,NVMe,10,3,193.34
633,488,HotAdd,Thick-Eager,NVMe,10,3,75.73
634,920,HotAdd,Thin,HDD,10,1,261.55
635,527,NBD,Thin,SSD,10,4,716.71
636,1863,HotAdd,Thick-Eager,SSD,10,4,675.36
637,2121,NBD,Thick-Lazy,NVMe,10,2,798.5
638,2182,NBD,Thick-Lazy,SSD,1,5,3690.57
639,1614,HotAdd,Thick-Lazy,NVMe,10,2,164.53
640,2241,NBD,Thin,SSD,10,2,1517.66
641,289,HotAdd,Thick-Lazy,SSD,1,5,221.33
642,713,SAN,Thin,HDD,1,1,171.75
643,477,HotAdd,Thin,SSD,10,4,175.13
644,2205,HotAdd,Thick-Lazy,SSD,10,2,402.24
645,810,HotAdd,Thick-Lazy,SSD,10,5,368.17
646,307,HotAdd,Thick-Eager,SSD,10,3,87.31
647,2024,HotAdd,Thick-Eager,SSD,10,2,368.23
648,1117,HotAdd,Thick-Lazy,SSD,10,4,407.31
649,275,HotAdd,Thin,SSD,10,1,29.5
650,428,HotAdd,Thin,SSD,10,2,79.4
651,802,HotAdd,Thin,SSD,25,2,149.35
652,1888,HotAdd,Thin,HDD,10,5,2662.78
653,2488,SAN,Thin,SSD,10,3,564.87
654,663,HotAdd,Thick-Eager,SSD,10,3,181.84
655,1292,SAN,Thick-Lazy,SSD,1,1,198.46
656,617,HotAdd,Thick-Eager,HDD,1,4,699.54
657,2162,HotAdd,Thin,SSD,10,1,197.69
658,474,HotAdd,Thin,NVMe,25,2,52.32
659,2190,HotAdd,Thin,HDD,10,2,1235.56
660,803,NBD,Thin,SSD,1,3,816.5
661,1369,NBD,Thick-Lazy,SSD,1,4,1854.06
662,2185,NBD,Thin,NVMe,10,5,2054.71
663,1398,NBD,Thick-Lazy,SSD,10,4,1893.58
664,486,SAN,Thin,SSD,10,2,75.04
665,2057,SAN,Thick-Lazy,NVMe,10,5,433.96
666,1371,HotAdd,Thick-Eager,SSD,10,4,496.31
667,288,SAN,Thin,NVMe,10,4,50.49
668,205,HotAdd,Thick-Lazy,HDD,10,5,290.68
669,1398,HotAdd,Thick-Eager,NVMe,10,2,143.67
670,1059,HotAdd,Thin,SSD,10,4,386.51
671,581,HotAdd,Thin,SSD,10,5,265.77
672,798,HotAdd,Thin,SSD,10,2,148.29
673,2168,HotAdd,Thick-Lazy,SSD,10,5,978.85
674,2220,NBD,Thick-Lazy,HDD,1,5,11725.23
675,836,HotAdd,Thick-Eager,NVMe,10,4,170.79
676,177,NBD,Thick-Lazy,NVMe,10,2,69.95
677,2271,SAN,Thick-Lazy,SSD,10,4,684.36
678,1393,NBD,Thin,NVMe,10,1,265.57
679,1915,HotAdd,Thin,SSD,25,1,176.07
680,108,HotAdd,Thin,SSD,1,2,36.74
681,2140,SAN,Thin,SSD,10,5,806.95
682,1513,HotAdd,Thin,SSD,10,4,547.81
683,244,SAN,Thin,SSD,10,4,77.24
684,2213,SAN,Thin,SSD,10,2,334.88
685,82,HotAdd,Thick-Eager,NVMe,10,2,12.83
686,1946,HotAdd,Thick-Eager,HDD,10,1,551.83
687,2198,HotAdd,Thick-Eager,NVMe,10,3,332.58
688,800,NBD,Thick-Eager,SSD,10,2,545.56
689,2182,HotAdd,Thin,SSD,10,3,593.43
690,2034,HotAdd,Thick-Eager,SSD,10,2,368.79
691,1975,SAN,Thin,NVMe,10,5,415.85
692,939,HotAdd,Thick-Eager,SSD,10,5,425.84
693,399,HotAdd,Thick-Lazy,SSD,10,1,40.37
694,1759,NBD,Thick-Eager,SSD,10,1,598.85
695,320,NBD,Thick-Eager,HDD,10,3,1018.7
696,1927,HotAdd,Thin,SSD,10,2,350.8
697,706,SAN,Thick-Eager,SSD,25,4,215.43
698,132,NBD,Thick-Lazy,SSD,10,1,48.87
699,711,HotAdd,Thin,SSD,1,4,429.53
700,2009,SAN,Thin,SSD,1,4,1210.54
701,100,SAN,Thick-Eager,SSD,10,2,18.66
702,1068,HotAdd,Thin,SSD,25,3,290.99
703,1529,SAN,Thin,SSD,10,2,232.89
704,643,NBD,Thin,NVMe,10,1,125.27
705,721,HotAdd,Thin,SSD,10,4,264.45
706,1468,SAN,Thin,SSD,10,2,222.77
707,2320,NBD,Thin,SSD,10,2,1570.22
708,563,HotAdd,Thick-Lazy,SSD,1,2,171.9
709,2433,HotAdd,Thick-Eager,SSD,25,1,223.87
710,2008,SAN,Thick-Lazy,SSD,10,3,454.75
711,1141,SAN,Thin,SSD,1,2,346.89
712,1793,HotAdd,Thin,NVMe,10,1,92.07
713,1876,HotAdd,Thick-Eager,HDD,1,4,2117.0
714,2336,HotAdd,Thick-Lazy,SSD,25,5,1055.58
715,2134,HotAdd,Thick-Eager,SSD,25,1,196.67
716,1184,HotAdd,Thick-Lazy,HDD,10,5,1669.77
717,2301,SAN,Thin,SSD,10,2,349.5
718,2326,HotAdd,Thick-Eager,SSD,10,2,421.91
719,1119,NBD,Thick-Eager,HDD,25,1,1185.8
720,2437,HotAdd,Thin,SSD,10,5,1102.64
721,146,HotAdd,Thick-Eager,SSD,10,2,28.69
722,87,SAN,Thick-Lazy,SSD,25,4,30.73
723,376,HotAdd,Thick-Lazy,SSD,25,3,105.43
724,1089,HotAdd,Thick-Lazy,SSD,10,3,296.78
725,1320,NBD,Thick-Lazy,NVMe,10,2,498.9
726,2095,HotAdd,Thin,SSD,25,5,946.41
727,664,NBD,Thick-Eager,SSD,10,2,452.86
728,1930,HotAdd,Thick-Lazy,NVMe,25,5,487.38
729,1316,SAN,Thin,SSD,10,4,397.61
730,1755,HotAdd,Thick-Eager,SSD,10,5,794.25
731,342,SAN,Thick-Eager,SSD,10,2,55.81
732,678,SAN,Thin,SSD,10,4,208.46
733,95,NBD,Thin,SSD,10,1,35.64
734,765,HotAdd,Thick-Lazy,SSD,10,3,211.66
735,565,HotAdd,Thick-Eager,SSD,10,2,105.43
736,513,SAN,Thick-Eager,HDD,10,2,243.95
737,67,HotAdd,Thin,NVMe,10,2,11.25
738,2165,SAN,Thick-Eager,SSD,10,4,653.79
739,404,SAN,Thick-Lazy,SSD,1,1,64.09
740,565,HotAdd,Thick-Eager,NVMe,1,5,427.75
741,1375,SAN,Thin,SSD,1,1,211.05
742,922,HotAdd,Thin,NVMe,10,4,189.13
743,1070,SAN,Thick-Lazy,SSD,1,2,324.61
744,1066,SAN,Thick-Lazy,HDD,1,3,753.46
745,1686,SAN,Thick-Eager,SSD,25,2,256.69
746,958,HotAdd,Thick-Eager,SSD,10,5,435.35
747,2450,HotAdd,Thin,SSD,10,3,665.04
748,1814,HotAdd,Thick-Lazy,NVMe,25,2,186.01
749,1571,HotAdd,Thick-Lazy,SSD,1,3,711.29
750,1946,HotAdd,Thick-Lazy,SSD,10,1,178.36
751,1255,SAN,Thick-Eager,NVMe,10,4,211.75
752,1694,HotAdd,Thick-Lazy,SSD,10,2,308.02
753,524,NBD,Thin,SSD,10,5,890.2
754,2115,HotAdd,Thin,NVMe,10,1,108.8
755,753,HotAdd,Thick-Eager,SSD,10,2,138.22
756,1102,NBD,Thick-Eager,SSD,10,1,375.77
757,2016,HotAdd,Thick-Lazy,NVMe,1,5,1516.8
758,1336,SAN,Thick-Eager,SSD,1,2,403.4
759,1294,HotAdd,Thin,SSD,1,5,974.68
760,2173,HotAdd,Thick-Lazy,SSD,10,3,591.07
761,165,HotAdd,Thin,SSD,10,5,78.0
762,576,HotAdd,Thick-Lazy,NVMe,1,3,262.59
763,2232,HotAdd,Thick-Eager,SSD,10,2,405.6
764,2112,HotAdd,Thick-Lazy,HDD,10,3,1789.11
765,1643,HotAdd,Thick-Lazy,SSD,1,2,496.65
766,106,NBD,Thin,SSD,10,2,74.41
767,272,HotAdd,Thin,SSD,1,4,166.13
768,2196,SAN,Thick-Lazy,NVMe,10,2,186.6
769,1209,HotAdd,Thick-Eager,SSD,10,3,331.11
770,2198,SAN,Thick-Eager,SSD,10,4,662.84
771,2315,HotAdd,Thin,HDD,1,4,2611.74
772,150,HotAdd,Thick-Eager,SSD,10,2,29.1
773,1533,SAN,Thin,SSD,1,5,1154.44
774,2121,HotAdd,Thick-Eager,HDD,1,5,2990.7
775,662,SAN,Thick-Lazy,SSD,10,4,201.86
776,1581,SAN,Thin,SSD,10,2,241.14
777,1345,HotAdd,Thin,HDD,10,5,1896.37
778,1801,HotAdd,Thick-Lazy,SSD,10,2,328.81
779,2015,NBD,Thin,HDD,10,2,4257.84
780,2402,HotAdd,Thick-Eager,SSD,1,4,1447.55
781,916,HotAdd,Thick-Eager,NVMe,1,4,552.88
782,2029,HotAdd,Thin,SSD,10,1,187.46
783,1352,SAN,Thick-Eager,NVMe,10,5,285.07
784,1500,NBD,Thin,SSD,10,5,2538.57
785,2364,HotAdd,Thick-Lazy,SSD,10,5,1068.08
786,1773,HotAdd,Thin,NVMe,10,3,271.0
787,1645,SAN,Thick-Lazy,SSD,10,2,249.44
788,1566,HotAdd,Thick-Eager,NVMe,10,4,316.13
789,2437,HotAdd,Thick-Lazy,HDD,10,5,3434.78
790,1670,NBD,Thick-Eager,SSD,10,1,566.57
791,1200,SAN,Thin,HDD,10,5,1410.59
792,798,HotAdd,Thick-Eager,SSD,10,2,148.65
793,282,NBD,Thin,SSD,10,2,195.52
794,1103,HotAdd,Thin,SSD,25,4,400.7
795,268,HotAdd,Thick-Lazy,SSD,10,3,77.22
796,959,SAN,Thick-Lazy,SSD,10,4,291.69
797,1286,NBD,Thick-Lazy,HDD,1,5,6792.89
798,45,SAN,Thick-Lazy,SSD,10,1,7.49
799,507,HotAdd,Thick-Eager,NVMe,10,4,105.5
800,1795,HotAdd,Thick-Eager,SSD,25,3,490.22
801,114,SAN,Thick-Eager,NVMe,10,4,21.82
802,43,HotAdd,Thin,NVMe,10,2,8.32
803,1910,SAN,Thick-Eager,SSD,10,5,719.3
804,685,SAN,Thick-Eager,SSD,10,5,259.54
805,157,HotAdd,Thick-Eager,HDD,10,5,223.07
806,1669,NBD,Thick-Lazy,HDD,10,5,8817.32
807,2061,HotAdd,Thick-Eager,HDD,25,5,2906.29
808,986,HotAdd,Thin,SSD,1,5,744.78
809,1504,SAN,Thick-Lazy,SSD,10,1,116.47
810,233,SAN,Thin,SSD,1,3,107.88
811,886,SAN,Thick-Eager,SSD,10,5,335.12
812,1455,SAN,Thick-Lazy,SSD,10,3,330.64
813,1498,HotAdd,Thin,SSD,10,5,678.07
814,2260,HotAdd,Thick-Eager,SSD,10,4,818.88
815,1708,HotAdd,Thin,HDD,1,5,2408.48
816,2413,SAN,Thin,SSD,10,2,364.63
817,1473,HotAdd,Thin,SSD,10,1,134.79
818,1181,NBD,Thick-Eager,SSD,10,4,1598.64
819,1850,SAN,Thick-Eager,SSD,10,4,558.92
820,763,NBD,Thin,SSD,1,2,520.47
821,264,NBD,Thick-Lazy,SSD,1,5,449.97
822,571,SAN,Thick-Lazy,HDD,1,1,138.4
823,152,HotAdd,Thick-Eager,SSD,1,4,94.71
824,2227,HotAdd,Thick-Eager,SSD,10,1,203.76
825,598,HotAdd,Thick-Eager,SSD,10,4,217.87
826,2088,HotAdd,Thick-Eager,SSD,25,5,945.4
827,2177,HotAdd,Thick-Eager,NVMe,10,4,440.29
828,693,HotAdd,Thick-Lazy,SSD,1,4,418.82
829,359,HotAdd,Thick-Eager,SSD,10,3,100.59
830,1613,HotAdd,Thin,SSD,1,5,1214.72
831,1868,HotAdd,Thin,SSD,10,2,340.53
832,1957,HotAdd,Thick-Lazy,SSD,10,2,357.54
833,178,HotAdd,Thin,SSD,1,5,137.41
834,2066,SAN,Thick-Lazy,SSD,10,2,313.91
835,2346,SAN,Thick-Lazy,HDD,25,5,2754.79
836,941,NBD,Thin,SSD,10,2,638.15
837,729,HotAdd,Thick-Eager,NVMe,10,3,112.05
838,2079,SAN,Thin,NVMe,1,2,626.57
839,49,SAN,Thin,SSD,10,4,18.95
840,300,SAN,Thick-Lazy,SSD,10,5,116.81
841,1982,NBD,Thin,SSD,1,1,672.17
842,1713,HotAdd,Thick-Lazy,SSD,10,1,158.87
843,2259,NBD,Thick-Eager,HDD,1,5,11929.98
844,2100,HotAdd,Thick-Eager,SSD,10,3,570.61
845,1231,HotAdd,Thick-Eager,SSD,1,2,372.51
846,1659,HotAdd,Thin,NVMe,10,3,252.28
847,360,HotAdd,Thick-Lazy,SSD,10,1,35.2
848,1382,SAN,Thick-Eager,SSD,10,5,522.36
849,1676,NBD,Thick-Lazy,SSD,10,5,2834.99
850,2416,NBD,Thick-Lazy,SSD,10,3,2454.2
851,2034,HotAdd,Thick-Eager,SSD,10,3,552.03
852,1983,NBD,Thick-Eager,SSD,10,2,1342.62
853,2078,NBD,Thick-Lazy,SSD,10,4,2810.95
854,1158,HotAdd,Thick-Eager,NVMe,1,4,699.54
855,1644,SAN,Thick-Lazy,SSD,1,2,495.98
856,2405,HotAdd,Thick-Lazy,SSD,10,4,871.39
857,275,HotAdd,Thick-Eager,SSD,10,1,28.32
858,2009,SAN,Thin,NVMe,10,4,338.83
859,373,SAN,Thick-Eager,HDD,10,2,178.75
860,1948,HotAdd,Thin,SSD,10,4,704.67
861,415,SAN,Thick-Lazy,NVMe,25,5,89.16
862,1200,HotAdd,Thick-Lazy,SSD,10,3,327.36
863,1610,NBD,Thin,NVMe,10,1,306.03
864,1359,NBD,Thick-Lazy,SSD,1,5,2298.8
865,1895,SAN,Thin,SSD,10,5,713.86
866,1412,NBD,Thin,SSD,1,2,959.2
867,912,SAN,Thick-Lazy,HDD,1,3,644.11
868,1292,SAN,Thin,SSD,10,3,295.47
869,2357,HotAdd,Thick-Eager,SSD,10,1,216.76
870,1891,HotAdd,Thick-Eager,SSD,25,2,343.7
871,1354,HotAdd,Thick-Lazy,SSD,10,1,124.42
872,764,HotAdd,Thick-Lazy,NVMe,10,4,155.43
873,2092,SAN,Thin,NVMe,1,5,1575.04
874,117,SAN,Thin,SSD,25,1,12.71
875,171,HotAdd,Thin,NVMe,10,5,47.15
876,640,HotAdd,Thin,SSD,10,2,120.16
877,1812,HotAdd,Thick-Eager,SSD,25,4,657.21
878,1105,SAN,Thick-Eager,SSD,10,2,168.42
879,2176,HotAdd,Thick-Lazy,SSD,10,4,787.07
880,2489,SAN,Thin,SSD,10,4,752.16
881,2383,SAN,Thin,SSD,10,5,897.36
882,1903,HotAdd,Thick-Lazy,SSD,10,2,345.18
883,1358,SAN,Thin,HDD,10,2,641.46
884,655,SAN,Thin,SSD,25,1,52.39
885,1928,HotAdd,Thin,NVMe,25,2,197.8
886,1086,HotAdd,Thin,SSD,10,1,101.81
887,614,HotAdd,Thin,NVMe,10,3,94.49
888,2230,SAN,Thick-Lazy,NVMe,10,3,283.94
889,1032,SAN,Thin,NVMe,1,3,467.75
890,2232,SAN,Thick-Lazy,NVMe,1,2,673.44
891,1288,SAN,Thin,NVMe,10,2,110.67
892,542,HotAdd,Thick-Eager,SSD,10,1,50.99
893,2037,NBD,Thick-Eager,HDD,1,4,8607.78
894,860,HotAdd,Thick-Eager,SSD,25,1,79.87
895,2191,HotAdd,Thick-Eager,SSD,1,3,990.38
896,2010,HotAdd,Thick-Lazy,SSD,10,1,184.18
897,237,HotAdd,Thick-Lazy,SSD,10,4,89.74
898,1709,HotAdd,Thin,NVMe,1,2,517.75
899,2478,HotAdd,Thick-Eager,NVMe,1,1,374.62
900,1242,HotAdd,Thick-Lazy,NVMe,10,3,189.63
901,1511,SAN,Thin,SSD,10,3,343.52
902,1686,HotAdd,Thin,HDD,10,2,952.01
903,1732,NBD,Thick-Lazy,HDD,10,1,1833.39
904,1352,SAN,Thick-Eager,SSD,10,4,410.23
905,2075,SAN,Thin,HDD,1,2,976.44
906,517,HotAdd,Thick-Eager,HDD,25,1,148.69
907,1294,HotAdd,Thick-Eager,NVMe,1,5,974.03
908,962,HotAdd,Thick-Eager,SSD,25,3,263.95
909,459,HotAdd,Thin,SSD,10,4,167.81
910,2244,SAN,Thick-Eager,HDD,25,4,2111.33
911,1160,HotAdd,Thin,SSD,1,4,701.21
912,990,HotAdd,Thick-Eager,HDD,10,3,839.52
913,2376,NBD,Thin,NVMe,1,1,449.79
914,1317,HotAdd,Thick-Eager,SSD,1,2,400.33
915,2283,SAN,Thick-Lazy,SSD,10,1,175.1
916,1897,SAN,Thick-Eager,SSD,10,2,287.43
917,556,SAN,Thick-Eager,HDD,10,4,525.03
918,1698,HotAdd,Thin,SSD,1,1,259.55
919,1905,SAN,Thin,SSD,10,4,576.14
920,1181,HotAdd,Thick-Eager,SSD,10,5,536.06
921,1972,HotAdd,Thick-Lazy,HDD,10,4,2225.86
922,854,SAN,Thick-Lazy,SSD,10,4,261.2
923,2315,SAN,Thin,SSD,10,2,352.44
924,1940,SAN,Thick-Lazy,NVMe,10,5,406.95
925,2303,NBD,Thick-Eager,SSD,10,4,3116.55
926,2102,SAN,Thin,SSD,10,4,635.61
927,2134,HotAdd,Thick-Eager,SSD,25,5,965.77
928,2411,NBD,Thin,SSD,10,5,4077.45
929,169,HotAdd,Thin,SSD,10,1,17.73
930,134,NBD,Thin,SSD,10,2,94.95
931,1995,HotAdd,Thin,SSD,10,5,903.03
932,833,NBD,Thick-Lazy,NVMe,10,5,784.17
933,1874,SAN,Thick-Eager,SSD,1,3,847.74
934,2156,SAN,Thick-Eager,NVMe,1,5,1621.53
935,1723,HotAdd,Thick-Eager,SSD,10,2,313.54
936,50,NBD,Thin,NVMe,10,4,39.6
937,1905,NBD,Thick-Lazy,NVMe,10,4,1433.73
938,751,SAN,Thick-Eager,SSD,10,4,229.23
939,2110,SAN,Thick-Lazy,NVMe,10,4,355.96
940,854,NBD,Thin,HDD,1,3,2709.46
941,385,SAN,Thick-Eager,NVMe,1,5,293.62
942,2389,HotAdd,Thick-Lazy,SSD,25,4,863.76
943,402,NBD,Thin,HDD,10,1,426.87
944,2483,HotAdd,Thick-Lazy,SSD,10,4,899.55
945,2305,HotAdd,Thick-Eager,NVMe,10,5,579.44
946,2228,HotAdd,Thick-Eager,HDD,10,4,2514.54
947,1024,SAN,Thin,SSD,10,3,235.21
948,1679,NBD,Thin,SSD,10,2,1138.24
949,867,HotAdd,Thin,NVMe,1,2,265.37
950,395,NBD,Thick-Lazy,SSD,10,5,669.68
951,1387,SAN,Thick-Lazy,SSD,10,2,211.22
952,1903,NBD,Thick-Lazy,HDD,25,2,4023.05
953,166,HotAdd,Thin,SSD,1,1,27.98
954,643,SAN,Thick-Eager,SSD,10,5,246.21
955,1968,SAN,Thick-Eager,NVMe,10,5,412.71
956,1053,HotAdd,Thick-Lazy,HDD,10,2,596.7
957,90,HotAdd,Thick-Lazy,SSD,1,2,30.81
958,1470,NBD,Thick-Eager,HDD,10,2,3108.6
959,1832,SAN,Thick-Eager,HDD,10,3,1292.49
960,1676,SAN,Thick-Lazy,SSD,10,4,506.52
961,1685,HotAdd,Thick-Lazy,SSD,10,3,460.05
962,1245,HotAdd,Thick-Eager,SSD,10,5,563.53
963,1894,HotAdd,Thin,NVMe,10,1,99.3
964,606,NBD,Thick-Lazy,SSD,25,4,822.81
965,2458,NBD,Thick-Eager,NVMe,10,1,465.74
966,975,NBD,Thick-Eager,NVMe,10,5,919.34
967,1974,HotAdd,Thick-Eager,SSD,10,5,892.03
968,1372,HotAdd,Thick-Eager,NVMe,1,1,209.76
969,241,HotAdd,Thin,SSD,10,1,26.32
970,2400,HotAdd,Thick-Eager,HDD,10,1,679.14
971,156,NBD,Thick-Lazy,SSD,1,5,268.48
972,976,SAN,Thin,HDD,10,2,461.43
973,614,HotAdd,Thick-Eager,SSD,10,1,57.76
974,2331,SAN,Thin,SSD,10,4,703.34
975,576,HotAdd,Thick-Lazy,HDD,1,5,815.86
976,1665,NBD,Thick-Eager,SSD,10,3,1690.87
977,2162,HotAdd,Thick-Lazy,NVMe,10,3,329.31
978,425,SAN,Thick-Eager,SSD,10,4,132.3
979,514,NBD,Thick-Eager,SSD,10,2,350.43
980,457,HotAdd,Thick-Eager,SSD,1,1,70.89
981,2434,SAN,Thick-Eager,SSD,10,5,918.06
982,978,SAN,Thick-Eager,SSD,1,1,149.82
983,994,SAN,Thin,NVMe,10,5,211.69
984,915,SAN,Thick-Eager,SSD,10,3,209.46
985,802,NBD,Thick-Eager,SSD,25,1,274.47
986,1242,HotAdd,Thin,NVMe,1,4,750.46
987,1245,NBD,Thin,NVMe,10,2,470.6
988,703,HotAdd,Thin,HDD,1,4,795.19
989,64,SAN,Thin,SSD,10,2,12.74
990,2030,HotAdd,Thin,SSD,10,1,186.03
991,1243,SAN,Thin,SSD,25,1,96.92
992,749,HotAdd,Thick-Eager,SSD,10,2,139.41
993,1919,NBD,Thick-Eager,SSD,1,3,1948.49
994,1224,HotAdd,Thick-Lazy,NVMe,10,5,309.95
995,2264,HotAdd,Thick-Eager,SSD,1,4,1364.1
996,324,SAN,Thick-Eager,HDD,1,4,306.94
997,102,SAN,Thin,SSD,10,4,33.47
998,1042,SAN,Thin,SSD,1,1,161.29
999,701,HotAdd,Thick-Eager,SSD,1,4,425.29
1000,2243,SAN,Thick-Lazy,SSD,10,5,845.9
